{
  "swagger": "2.0",
  "info": {
    "title": "examples/internal/proto/examplepb/use_go_template.proto",
    "version": "version not set"
  },
  "consumes": [
    "application/json"
  ],
  "produces": [
    "application/json"
  ],
  "paths": {
    "/v1/example/login": {
      "post": {
        "summary": "Login",
        "description": "Login is a call with the method(s) POST within the \"LoginService\" service.\nIt takes in \"LoginRequest\" and returns a \"LoginReply\".\n\n## LoginRequest\n| Field ID    | Name      | Type                                                       | Description                  |\n| ----------- | --------- | ---------------------------------------------------------  | ---------------------------- | \n| 1 | username | TYPE_STRING | The entered username | \n| 2 | password | TYPE_STRING | The entered password |   \n\n## LoginReply\n| Field ID    | Name      | Type                                                       | Description                  |\n| ----------- | --------- | ---------------------------------------------------------- | ---------------------------- | \n| 1 | message | TYPE_STRING |  | \n| 2 | access | TYPE_BOOL | Whether you have access or not |",
        "operationId": "LoginService_Login",
        "responses": {
          "200": {
            "description": "A successful response.",
            "schema": {
              "$ref": "#/definitions/examplepbLoginReply"
            }
          },
          "default": {
            "description": "An unexpected error response.",
            "schema": {
              "$ref": "#/definitions/runtimeError"
            }
          }
        },
        "parameters": [
          {
            "name": "body",
            "in": "body",
            "required": true,
            "schema": {
              "$ref": "#/definitions/examplepbLoginRequest"
            }
          }
        ],
        "tags": [
          "LoginService"
        ]
      }
    },
    "/v1/example/logout": {
      "post": {
        "summary": "Logout",
        "description": "Logout is a call with the method(s) POST within the \"LoginService\" service.\nIt takes in \"LogoutRequest\" and returns a \"LogoutReply\".\n\n## LogoutRequest\n| Field ID    | Name      | Type                                                       | Description                  |\n| ----------- | --------- | ---------------------------------------------------------  | ---------------------------- | \n| 1 | timeoflogout | TYPE_STRING | The time the logout was registered | \n| 2 | test | TYPE_INT32 | This is the title\u003cbr\u003e\u003cbr\u003eThis is the \"Description\" of field test\u003cbr\u003eyou can use as many newlines as you want\u003cbr\u003e\u003cbr\u003e\u003cbr\u003eit will still format the same in the table | \n| 3 | stringarray | []TYPE_STRING | This is an array\u003cbr\u003e\u003cbr\u003eIt displays that using [] infront of the type |   \n\n## LogoutReply\n| Field ID    | Name      | Type                                                       | Description                  |\n| ----------- | --------- | ---------------------------------------------------------- | ---------------------------- | \n| 1 | message | TYPE_STRING | Message that tells you whether your\u003cbr\u003elogout was succesful or not |",
        "operationId": "LoginService_Logout",
        "responses": {
          "200": {
            "description": "A successful response.",
            "schema": {
              "$ref": "#/definitions/examplepbLogoutReply"
            }
          },
          "default": {
            "description": "An unexpected error response.",
            "schema": {
              "$ref": "#/definitions/runtimeError"
            }
          }
        },
        "parameters": [
          {
            "name": "body",
            "in": "body",
            "required": true,
            "schema": {
              "$ref": "#/definitions/examplepbLogoutRequest"
            }
          }
        ],
        "tags": [
          "LoginService"
        ]
      }
    }
  },
  "definitions": {
    "examplepbLoginReply": {
      "type": "object",
      "properties": {
        "message": {
          "type": "string"
        },
        "access": {
          "type": "boolean",
          "title": "Whether you have access or not"
        }
      }
    },
    "examplepbLoginRequest": {
      "type": "object",
      "properties": {
        "username": {
          "type": "string",
          "title": "The entered username"
        },
        "password": {
          "type": "string",
          "title": "The entered password"
        }
      }
    },
    "examplepbLogoutReply": {
      "type": "object",
      "properties": {
        "message": {
          "type": "string",
          "title": "Message that tells you whether your\nlogout was succesful or not"
        }
      }
    },
    "examplepbLogoutRequest": {
      "type": "object",
      "properties": {
        "timeoflogout": {
          "type": "string",
          "title": "The time the logout was registered"
        },
        "test": {
          "type": "integer",
          "format": "int32",
          "description": "This is the \"Description\" of field test\nyou can use as many newlines as you want\n\n\nit will still format the same in the table",
          "title": "This is the title"
        },
        "stringarray": {
          "type": "array",
          "items": {
            "type": "string"
          },
          "description": "It displays that using [] infront of the type",
          "title": "This is an array"
        }
      }
    },
    "protobufAny": {
      "type": "object",
      "properties": {
        "type_url": {
          "type": "string",
          "description": "A URL/resource name that uniquely identifies the type of the serialized\nprotocol buffer message. This string must contain at least\none \"/\" character. The last segment of the URL's path must represent\nthe fully qualified name of the type (as in\n`path/google.protobuf.Duration`). The name should be in a canonical form\n(e.g., leading \".\" is not accepted).\n\nIn practice, teams usually precompile into the binary all types that they\nexpect it to use in the context of Any. However, for URLs which use the\nscheme `http`, `https`, or no scheme, one can optionally set up a type\nserver that maps type URLs to message definitions as follows:\n\n* If no scheme is provided, `https` is assumed.\n* An HTTP GET on the URL must yield a [google.protobuf.Type][]\n  value in binary format, or produce an error.\n* Applications are allowed to cache lookup results based on the\n  URL, or have them precompiled into a binary to avoid any\n  lookup. Therefore, binary compatibility needs to be preserved\n  on changes to types. (Use versioned type names to manage\n  breaking changes.)\n\nNote: this functionality is not currently available in the official\nprotobuf release, and it is not used for type URLs beginning with\ntype.googleapis.com.\n\nSchemes other than `http`, `https` (or the empty scheme) might be\nused with implementation specific semantics."
        },
        "value": {
          "type": "string",
          "format": "byte",
          "description": "Must be a valid serialized protocol buffer of the above specified type."
        }
      },
      "description": "`Any` contains an arbitrary serialized protocol buffer message along with a\nURL that describes the type of the serialized message.\n\nProtobuf library provides support to pack/unpack Any values in the form\nof utility functions or additional generated methods of the Any type.\n\nExample 1: Pack and unpack a message in C++.\n\n    Foo foo = ...;\n    Any any;\n    any.PackFrom(foo);\n    ...\n    if (any.UnpackTo(\u0026foo)) {\n      ...\n    }\n\nExample 2: Pack and unpack a message in Java.\n\n    Foo foo = ...;\n    Any any = Any.pack(foo);\n    ...\n    if (any.is(Foo.class)) {\n      foo = any.unpack(Foo.class);\n    }\n\n Example 3: Pack and unpack a message in Python.\n\n    foo = Foo(...)\n    any = Any()\n    any.Pack(foo)\n    ...\n    if any.Is(Foo.DESCRIPTOR):\n      any.Unpack(foo)\n      ...\n\n Example 4: Pack and unpack a message in Go\n\n     foo := \u0026pb.Foo{...}\n     any, err := ptypes.MarshalAny(foo)\n     ...\n     foo := \u0026pb.Foo{}\n     if err := ptypes.UnmarshalAny(any, foo); err != nil {\n       ...\n     }\n\nThe pack methods provided by protobuf library will by default use\n'type.googleapis.com/full.type.name' as the type URL and the unpack\nmethods only use the fully qualified type name after the last '/'\nin the type URL, for example \"foo.bar.com/x/y.z\" will yield type\nname \"y.z\".\n\n\nJSON\n====\nThe JSON representation of an `Any` value uses the regular\nrepresentation of the deserialized, embedded message, with an\nadditional field `@type` which contains the type URL. Example:\n\n    package google.profile;\n    message Person {\n      string first_name = 1;\n      string last_name = 2;\n    }\n\n    {\n      \"@type\": \"type.googleapis.com/google.profile.Person\",\n      \"firstName\": \u003cstring\u003e,\n      \"lastName\": \u003cstring\u003e\n    }\n\nIf the embedded message type is well-known and has a custom JSON\nrepresentation, that representation will be embedded adding a field\n`value` which holds the custom JSON in addition to the `@type`\nfield. Example (for message [google.protobuf.Duration][]):\n\n    {\n      \"@type\": \"type.googleapis.com/google.protobuf.Duration\",\n      \"value\": \"1.212s\"\n    }"
    },
    "runtimeError": {
      "type": "object",
      "properties": {
        "error": {
          "type": "string"
        },
        "code": {
          "type": "integer",
          "format": "int32"
        },
        "message": {
          "type": "string"
        },
        "details": {
          "type": "array",
          "items": {
            "$ref": "#/definitions/protobufAny"
          }
        }
      }
    }
  }
}
