{
  "components": {
    "schemas": {
      "io.k8s.api.authorization.v1.LocalSubjectAccessReview": {
        "description": "LocalSubjectAccessReview checks whether or not a user or group can perform an action in a given namespace. Having a namespace scoped resource makes it much easier to grant namespace scoped policy that includes permissions checking.",
        "properties": {
          "apiVersion": {
            "description": "APIVersion defines the versioned schema of this representation of an object. Servers should convert recognized schemas to the latest internal value, and may reject unrecognized values. More info: https://git.k8s.io/community/contributors/devel/sig-architecture/api-conventions.md#resources",
            "type": "string"
          },
          "kind": {
            "description": "Kind is a string value representing the REST resource this object represents. Servers may infer this from the endpoint the client submits requests to. Cannot be updated. In CamelCase. More info: https://git.k8s.io/community/contributors/devel/sig-architecture/api-conventions.md#types-kinds",
            "type": "string"
          },
          "metadata": {
            "$ref": "#/components/schemas/io.k8s.apimachinery.pkg.apis.meta.v1.ObjectMeta",
            "default": {},
            "description": "Standard list metadata. More info: https://git.k8s.io/community/contributors/devel/sig-architecture/api-conventions.md#metadata"
          },
          "spec": {
            "$ref": "#/components/schemas/io.k8s.api.authorization.v1.SubjectAccessReviewSpec",
            "default": {},
            "description": "Spec holds information about the request being evaluated.  spec.namespace must be equal to the namespace you made the request against.  If empty, it is defaulted."
          },
          "status": {
            "$ref": "#/components/schemas/io.k8s.api.authorization.v1.SubjectAccessReviewStatus",
            "default": {},
            "description": "Status is filled in by the server and indicates whether the request is allowed or not"
          }
        },
        "required": [
          "spec"
        ],
        "type": "object",
        "x-kubernetes-group-version-kind": [
          {
            "group": "authorization.k8s.io",
            "kind": "LocalSubjectAccessReview",
            "version": "v1"
          }
        ]
      },
      "io.k8s.api.authorization.v1.NonResourceAttributes": {
        "description": "NonResourceAttributes includes the authorization attributes available for non-resource requests to the Authorizer interface",
        "properties": {
          "path": {
            "description": "Path is the URL path of the request",
            "type": "string"
          },
          "verb": {
            "description": "Verb is the standard HTTP verb",
            "type": "string"
          }
        },
        "type": "object"
      },
      "io.k8s.api.authorization.v1.NonResourceRule": {
        "description": "NonResourceRule holds information that describes a rule for the non-resource",
        "properties": {
          "nonResourceURLs": {
            "description": "NonResourceURLs is a set of partial urls that a user should have access to.  *s are allowed, but only as the full, final step in the path.  \"*\" means all.",
            "items": {
              "default": "",
              "type": "string"
            },
            "type": "array"
          },
          "verbs": {
            "description": "Verb is a list of kubernetes non-resource API verbs, like: get, post, put, delete, patch, head, options.  \"*\" means all.",
            "items": {
              "default": "",
              "type": "string"
            },
            "type": "array"
          }
        },
        "required": [
          "verbs"
        ],
        "type": "object"
      },
      "io.k8s.api.authorization.v1.ResourceAttributes": {
        "description": "ResourceAttributes includes the authorization attributes available for resource requests to the Authorizer interface",
        "properties": {
          "group": {
            "description": "Group is the API Group of the Resource.  \"*\" means all.",
            "type": "string"
          },
          "name": {
            "description": "Name is the name of the resource being requested for a \"get\" or deleted for a \"delete\". \"\" (empty) means all.",
            "type": "string"
          },
          "namespace": {
            "description": "Namespace is the namespace of the action being requested.  Currently, there is no distinction between no namespace and all namespaces \"\" (empty) is defaulted for LocalSubjectAccessReviews \"\" (empty) is empty for cluster-scoped resources \"\" (empty) means \"all\" for namespace scoped resources from a SubjectAccessReview or SelfSubjectAccessReview",
            "type": "string"
          },
          "resource": {
            "description": "Resource is one of the existing resource types.  \"*\" means all.",
            "type": "string"
          },
          "subresource": {
            "description": "Subresource is one of the existing resource types.  \"\" means none.",
            "type": "string"
          },
          "verb": {
            "description": "Verb is a kubernetes resource API verb, like: get, list, watch, create, update, delete, proxy.  \"*\" means all.",
            "type": "string"
          },
          "version": {
            "description": "Version is the API Version of the Resource.  \"*\" means all.",
            "type": "string"
          }
        },
        "type": "object"
      },
      "io.k8s.api.authorization.v1.ResourceRule": {
        "description": "ResourceRule is the list of actions the subject is allowed to perform on resources. The list ordering isn't significant, may contain duplicates, and possibly be incomplete.",
        "properties": {
          "apiGroups": {
            "description": "APIGroups is the name of the APIGroup that contains the resources.  If multiple API groups are specified, any action requested against one of the enumerated resources in any API group will be allowed.  \"*\" means all.",
            "items": {
              "default": "",
              "type": "string"
            },
            "type": "array"
          },
          "resourceNames": {
            "description": "ResourceNames is an optional white list of names that the rule applies to.  An empty set means that everything is allowed.  \"*\" means all.",
            "items": {
              "default": "",
              "type": "string"
            },
            "type": "array"
          },
          "resources": {
            "description": "Resources is a list of resources this rule applies to.  \"*\" means all in the specified apiGroups.\n \"*/foo\" represents the subresource 'foo' for all resources in the specified apiGroups.",
            "items": {
              "default": "",
              "type": "string"
            },
            "type": "array"
          },
          "verbs": {
            "description": "Verb is a list of kubernetes resource API verbs, like: get, list, watch, create, update, delete, proxy.  \"*\" means all.",
            "items": {
              "default": "",
              "type": "string"
            },
            "type": "array"
          }
        },
        "required": [
          "verbs"
        ],
        "type": "object"
      },
      "io.k8s.api.authorization.v1.SelfSubjectAccessReview": {
        "description": "SelfSubjectAccessReview checks whether or the current user can perform an action.  Not filling in a spec.namespace means \"in all namespaces\".  Self is a special case, because users should always be able to check whether they can perform an action",
        "properties": {
          "apiVersion": {
            "description": "APIVersion defines the versioned schema of this representation of an object. Servers should convert recognized schemas to the latest internal value, and may reject unrecognized values. More info: https://git.k8s.io/community/contributors/devel/sig-architecture/api-conventions.md#resources",
            "type": "string"
          },
          "kind": {
            "description": "Kind is a string value representing the REST resource this object represents. Servers may infer this from the endpoint the client submits requests to. Cannot be updated. In CamelCase. More info: https://git.k8s.io/community/contributors/devel/sig-architecture/api-conventions.md#types-kinds",
            "type": "string"
          },
          "metadata": {
            "$ref": "#/components/schemas/io.k8s.apimachinery.pkg.apis.meta.v1.ObjectMeta",
            "default": {},
            "description": "Standard list metadata. More info: https://git.k8s.io/community/contributors/devel/sig-architecture/api-conventions.md#metadata"
          },
          "spec": {
            "$ref": "#/components/schemas/io.k8s.api.authorization.v1.SelfSubjectAccessReviewSpec",
            "default": {},
            "description": "Spec holds information about the request being evaluated.  user and groups must be empty"
          },
          "status": {
            "$ref": "#/components/schemas/io.k8s.api.authorization.v1.SubjectAccessReviewStatus",
            "default": {},
            "description": "Status is filled in by the server and indicates whether the request is allowed or not"
          }
        },
        "required": [
          "spec"
        ],
        "type": "object",
        "x-kubernetes-group-version-kind": [
          {
            "group": "authorization.k8s.io",
            "kind": "SelfSubjectAccessReview",
            "version": "v1"
          }
        ]
      },
      "io.k8s.api.authorization.v1.SelfSubjectAccessReviewSpec": {
        "description": "SelfSubjectAccessReviewSpec is a description of the access request.  Exactly one of ResourceAuthorizationAttributes and NonResourceAuthorizationAttributes must be set",
        "properties": {
          "nonResourceAttributes": {
            "$ref": "#/components/schemas/io.k8s.api.authorization.v1.NonResourceAttributes",
            "description": "NonResourceAttributes describes information for a non-resource access request"
          },
          "resourceAttributes": {
            "$ref": "#/components/schemas/io.k8s.api.authorization.v1.ResourceAttributes",
            "description": "ResourceAuthorizationAttributes describes information for a resource access request"
          }
        },
        "type": "object"
      },
      "io.k8s.api.authorization.v1.SelfSubjectRulesReview": {
        "description": "SelfSubjectRulesReview enumerates the set of actions the current user can perform within a namespace. The returned list of actions may be incomplete depending on the server's authorization mode, and any errors experienced during the evaluation. SelfSubjectRulesReview should be used by UIs to show/hide actions, or to quickly let an end user reason about their permissions. It should NOT Be used by external systems to drive authorization decisions as this raises confused deputy, cache lifetime/revocation, and correctness concerns. SubjectAccessReview, and LocalAccessReview are the correct way to defer authorization decisions to the API server.",
        "properties": {
          "apiVersion": {
            "description": "APIVersion defines the versioned schema of this representation of an object. Servers should convert recognized schemas to the latest internal value, and may reject unrecognized values. More info: https://git.k8s.io/community/contributors/devel/sig-architecture/api-conventions.md#resources",
            "type": "string"
          },
          "kind": {
            "description": "Kind is a string value representing the REST resource this object represents. Servers may infer this from the endpoint the client submits requests to. Cannot be updated. In CamelCase. More info: https://git.k8s.io/community/contributors/devel/sig-architecture/api-conventions.md#types-kinds",
            "type": "string"
          },
          "metadata": {
            "$ref": "#/components/schemas/io.k8s.apimachinery.pkg.apis.meta.v1.ObjectMeta",
            "default": {},
            "description": "Standard list metadata. More info: https://git.k8s.io/community/contributors/devel/sig-architecture/api-conventions.md#metadata"
          },
          "spec": {
            "$ref": "#/components/schemas/io.k8s.api.authorization.v1.SelfSubjectRulesReviewSpec",
            "default": {},
            "description": "Spec holds information about the request being evaluated."
          },
          "status": {
            "$ref": "#/components/schemas/io.k8s.api.authorization.v1.SubjectRulesReviewStatus",
            "default": {},
            "description": "Status is filled in by the server and indicates the set of actions a user can perform."
          }
        },
        "required": [
          "spec"
        ],
        "type": "object",
        "x-kubernetes-group-version-kind": [
          {
            "group": "authorization.k8s.io",
            "kind": "SelfSubjectRulesReview",
            "version": "v1"
          }
        ]
      },
      "io.k8s.api.authorization.v1.SelfSubjectRulesReviewSpec": {
        "description": "SelfSubjectRulesReviewSpec defines the specification for SelfSubjectRulesReview.",
        "properties": {
          "namespace": {
            "description": "Namespace to evaluate rules for. Required.",
            "type": "string"
          }
        },
        "type": "object"
      },
      "io.k8s.api.authorization.v1.SubjectAccessReview": {
        "description": "SubjectAccessReview checks whether or not a user or group can perform an action.",
        "properties": {
          "apiVersion": {
            "description": "APIVersion defines the versioned schema of this representation of an object. Servers should convert recognized schemas to the latest internal value, and may reject unrecognized values. More info: https://git.k8s.io/community/contributors/devel/sig-architecture/api-conventions.md#resources",
            "type": "string"
          },
          "kind": {
            "description": "Kind is a string value representing the REST resource this object represents. Servers may infer this from the endpoint the client submits requests to. Cannot be updated. In CamelCase. More info: https://git.k8s.io/community/contributors/devel/sig-architecture/api-conventions.md#types-kinds",
            "type": "string"
          },
          "metadata": {
            "$ref": "#/components/schemas/io.k8s.apimachinery.pkg.apis.meta.v1.ObjectMeta",
            "default": {},
            "description": "Standard list metadata. More info: https://git.k8s.io/community/contributors/devel/sig-architecture/api-conventions.md#metadata"
          },
          "spec": {
            "$ref": "#/components/schemas/io.k8s.api.authorization.v1.SubjectAccessReviewSpec",
            "default": {},
            "description": "Spec holds information about the request being evaluated"
          },
          "status": {
            "$ref": "#/components/schemas/io.k8s.api.authorization.v1.SubjectAccessReviewStatus",
            "default": {},
            "description": "Status is filled in by the server and indicates whether the request is allowed or not"
          }
        },
        "required": [
          "spec"
        ],
        "type": "object",
        "x-kubernetes-group-version-kind": [
          {
            "group": "authorization.k8s.io",
            "kind": "SubjectAccessReview",
            "version": "v1"
          }
        ]
      },
      "io.k8s.api.authorization.v1.SubjectAccessReviewSpec": {
        "description": "SubjectAccessReviewSpec is a description of the access request.  Exactly one of ResourceAuthorizationAttributes and NonResourceAuthorizationAttributes must be set",
        "properties": {
          "extra": {
            "additionalProperties": {
              "items": {
                "default": "",
                "type": "string"
              },
              "type": "array"
            },
            "description": "Extra corresponds to the user.Info.GetExtra() method from the authenticator.  Since that is input to the authorizer it needs a reflection here.",
            "type": "object"
          },
          "groups": {
            "description": "Groups is the groups you're testing for.",
            "items": {
              "default": "",
              "type": "string"
            },
            "type": "array"
          },
          "nonResourceAttributes": {
            "$ref": "#/components/schemas/io.k8s.api.authorization.v1.NonResourceAttributes",
            "description": "NonResourceAttributes describes information for a non-resource access request"
          },
          "resourceAttributes": {
            "$ref": "#/components/schemas/io.k8s.api.authorization.v1.ResourceAttributes",
            "description": "ResourceAuthorizationAttributes describes information for a resource access request"
          },
          "uid": {
            "description": "UID information about the requesting user.",
            "type": "string"
          },
          "user": {
            "description": "User is the user you're testing for. If you specify \"User\" but not \"Groups\", then is it interpreted as \"What if User were not a member of any groups",
            "type": "string"
          }
        },
        "type": "object"
      },
      "io.k8s.api.authorization.v1.SubjectAccessReviewStatus": {
        "description": "SubjectAccessReviewStatus",
        "properties": {
          "allowed": {
            "default": false,
            "description": "Allowed is required. True if the action would be allowed, false otherwise.",
            "type": "boolean"
          },
          "denied": {
            "description": "Denied is optional. True if the action would be denied, otherwise false. If both allowed is false and denied is false, then the authorizer has no opinion on whether to authorize the action. Denied may not be true if Allowed is true.",
            "type": "boolean"
          },
          "evaluationError": {
            "description": "EvaluationError is an indication that some error occurred during the authorization check. It is entirely possible to get an error and be able to continue determine authorization status in spite of it. For instance, RBAC can be missing a role, but enough roles are still present and bound to reason about the request.",
            "type": "string"
          },
          "reason": {
            "description": "Reason is optional.  It indicates why a request was allowed or denied.",
            "type": "string"
          }
        },
        "required": [
          "allowed"
        ],
        "type": "object"
      },
      "io.k8s.api.authorization.v1.SubjectRulesReviewStatus": {
        "description": "SubjectRulesReviewStatus contains the result of a rules check. This check can be incomplete depending on the set of authorizers the server is configured with and any errors experienced during evaluation. Because authorization rules are additive, if a rule appears in a list it's safe to assume the subject has that permission, even if that list is incomplete.",
        "properties": {
          "evaluationError": {
            "description": "EvaluationError can appear in combination with Rules. It indicates an error occurred during rule evaluation, such as an authorizer that doesn't support rule evaluation, and that ResourceRules and/or NonResourceRules may be incomplete.",
            "type": "string"
          },
          "incomplete": {
            "default": false,
            "description": "Incomplete is true when the rules returned by this call are incomplete. This is most commonly encountered when an authorizer, such as an external authorizer, doesn't support rules evaluation.",
            "type": "boolean"
          },
          "nonResourceRules": {
            "description": "NonResourceRules is the list of actions the subject is allowed to perform on non-resources. The list ordering isn't significant, may contain duplicates, and possibly be incomplete.",
            "items": {
              "$ref": "#/components/schemas/io.k8s.api.authorization.v1.NonResourceRule",
              "default": {}
            },
            "type": "array"
          },
          "resourceRules": {
            "description": "ResourceRules is the list of actions the subject is allowed to perform on resources. The list ordering isn't significant, may contain duplicates, and possibly be incomplete.",
            "items": {
              "$ref": "#/components/schemas/io.k8s.api.authorization.v1.ResourceRule",
              "default": {}
            },
            "type": "array"
          }
        },
        "required": [
          "resourceRules",
          "nonResourceRules",
          "incomplete"
        ],
        "type": "object"
      },
      "io.k8s.apimachinery.pkg.apis.meta.v1.APIResource": {
        "description": "APIResource specifies the name of a resource and whether it is namespaced.",
        "properties": {
          "categories": {
            "description": "categories is a list of the grouped resources this resource belongs to (e.g. 'all')",
            "items": {
              "default": "",
              "type": "string"
            },
            "type": "array"
          },
          "group": {
            "description": "group is the preferred group of the resource.  Empty implies the group of the containing resource list. For subresources, this may have a different value, for example: Scale\".",
            "type": "string"
          },
          "kind": {
            "default": "",
            "description": "kind is the kind for the resource (e.g. 'Foo' is the kind for a resource 'foo')",
            "type": "string"
          },
          "name": {
            "default": "",
            "description": "name is the plural name of the resource.",
            "type": "string"
          },
          "namespaced": {
            "default": false,
            "description": "namespaced indicates if a resource is namespaced or not.",
            "type": "boolean"
          },
          "shortNames": {
            "description": "shortNames is a list of suggested short names of the resource.",
            "items": {
              "default": "",
              "type": "string"
            },
            "type": "array"
          },
          "singularName": {
            "default": "",
            "description": "singularName is the singular name of the resource.  This allows clients to handle plural and singular opaquely. The singularName is more correct for reporting status on a single item and both singular and plural are allowed from the kubectl CLI interface.",
            "type": "string"
          },
          "storageVersionHash": {
            "description": "The hash value of the storage version, the version this resource is converted to when written to the data store. Value must be treated as opaque by clients. Only equality comparison on the value is valid. This is an alpha feature and may change or be removed in the future. The field is populated by the apiserver only if the StorageVersionHash feature gate is enabled. This field will remain optional even if it graduates.",
            "type": "string"
          },
          "verbs": {
            "description": "verbs is a list of supported kube verbs (this includes get, list, watch, create, update, patch, delete, deletecollection, and proxy)",
            "items": {
              "default": "",
              "type": "string"
            },
            "type": "array"
          },
          "version": {
            "description": "version is the preferred version of the resource.  Empty implies the version of the containing resource list For subresources, this may have a different value, for example: v1 (while inside a v1beta1 version of the core resource's group)\".",
            "type": "string"
          }
        },
        "required": [
          "name",
          "singularName",
          "namespaced",
          "kind",
          "verbs"
        ],
        "type": "object"
      },
      "io.k8s.apimachinery.pkg.apis.meta.v1.APIResourceList": {
        "description": "APIResourceList is a list of APIResource, it is used to expose the name of the resources supported in a specific group and version, and if the resource is namespaced.",
        "properties": {
          "apiVersion": {
            "description": "APIVersion defines the versioned schema of this representation of an object. Servers should convert recognized schemas to the latest internal value, and may reject unrecognized values. More info: https://git.k8s.io/community/contributors/devel/sig-architecture/api-conventions.md#resources",
            "type": "string"
          },
          "groupVersion": {
            "default": "",
            "description": "groupVersion is the group and version this APIResourceList is for.",
            "type": "string"
          },
          "kind": {
            "description": "Kind is a string value representing the REST resource this object represents. Servers may infer this from the endpoint the client submits requests to. Cannot be updated. In CamelCase. More info: https://git.k8s.io/community/contributors/devel/sig-architecture/api-conventions.md#types-kinds",
            "type": "string"
          },
          "resources": {
            "description": "resources contains the name of the resources and if they are namespaced.",
            "items": {
              "$ref": "#/components/schemas/io.k8s.apimachinery.pkg.apis.meta.v1.APIResource",
              "default": {}
            },
            "type": "array"
          }
        },
        "required": [
          "groupVersion",
          "resources"
        ],
        "type": "object",
        "x-kubernetes-group-version-kind": [
          {
            "group": "",
            "kind": "APIResourceList",
            "version": "v1"
          }
        ]
      },
      "io.k8s.apimachinery.pkg.apis.meta.v1.FieldsV1": {
        "description": "FieldsV1 stores a set of fields in a data structure like a Trie, in JSON format.\n\nEach key is either a '.' representing the field itself, and will always map to an empty set, or a string representing a sub-field or item. The string will follow one of these four formats: 'f:<name>', where <name> is the name of a field in a struct, or key in a map 'v:<value>', where <value> is the exact json formatted value of a list item 'i:<index>', where <index> is position of a item in a list 'k:<keys>', where <keys> is a map of  a list item's key fields to their unique values If a key maps to an empty Fields value, the field that key represents is part of the set.\n\nThe exact format is defined in sigs.k8s.io/structured-merge-diff",
        "type": "object"
      },
      "io.k8s.apimachinery.pkg.apis.meta.v1.ManagedFieldsEntry": {
        "description": "ManagedFieldsEntry is a workflow-id, a FieldSet and the group version of the resource that the fieldset applies to.",
        "properties": {
          "apiVersion": {
            "description": "APIVersion defines the version of this resource that this field set applies to. The format is \"group/version\" just like the top-level APIVersion field. It is necessary to track the version of a field set because it cannot be automatically converted.",
            "type": "string"
          },
          "fieldsType": {
            "description": "FieldsType is the discriminator for the different fields format and version. There is currently only one possible value: \"FieldsV1\"",
            "type": "string"
          },
          "fieldsV1": {
            "$ref": "#/components/schemas/io.k8s.apimachinery.pkg.apis.meta.v1.FieldsV1",
            "description": "FieldsV1 holds the first JSON version format as described in the \"FieldsV1\" type."
          },
          "manager": {
            "description": "Manager is an identifier of the workflow managing these fields.",
            "type": "string"
          },
          "operation": {
            "description": "Operation is the type of operation which lead to this ManagedFieldsEntry being created. The only valid values for this field are 'Apply' and 'Update'.",
            "type": "string"
          },
          "subresource": {
            "description": "Subresource is the name of the subresource used to update that object, or empty string if the object was updated through the main resource. The value of this field is used to distinguish between managers, even if they share the same name. For example, a status update will be distinct from a regular update using the same manager name. Note that the APIVersion field is not related to the Subresource field and it always corresponds to the version of the main resource.",
            "type": "string"
          },
          "time": {
            "$ref": "#/components/schemas/io.k8s.apimachinery.pkg.apis.meta.v1.Time",
            "description": "Time is timestamp of when these fields were set. It should always be empty if Operation is 'Apply'"
          }
        },
        "type": "object"
      },
      "io.k8s.apimachinery.pkg.apis.meta.v1.ObjectMeta": {
        "description": "ObjectMeta is metadata that all persisted resources must have, which includes all objects users must create.",
        "properties": {
          "annotations": {
            "additionalProperties": {
              "default": "",
              "type": "string"
            },
            "description": "Annotations is an unstructured key value map stored with a resource that may be set by external tools to store and retrieve arbitrary metadata. They are not queryable and should be preserved when modifying objects. More info: http://kubernetes.io/docs/user-guide/annotations",
            "type": "object"
          },
          "clusterName": {
            "description": "The name of the cluster which the object belongs to. This is used to distinguish resources with same name and namespace in different clusters. This field is not set anywhere right now and apiserver is going to ignore it if set in create or update request.",
            "type": "string"
          },
          "creationTimestamp": {
            "$ref": "#/components/schemas/io.k8s.apimachinery.pkg.apis.meta.v1.Time",
            "default": {},
            "description": "CreationTimestamp is a timestamp representing the server time when this object was created. It is not guaranteed to be set in happens-before order across separate operations. Clients may not set this value. It is represented in RFC3339 form and is in UTC.\n\nPopulated by the system. Read-only. Null for lists. More info: https://git.k8s.io/community/contributors/devel/sig-architecture/api-conventions.md#metadata"
          },
          "deletionGracePeriodSeconds": {
            "description": "Number of seconds allowed for this object to gracefully terminate before it will be removed from the system. Only set when deletionTimestamp is also set. May only be shortened. Read-only.",
            "format": "int64",
            "type": "integer"
          },
          "deletionTimestamp": {
            "$ref": "#/components/schemas/io.k8s.apimachinery.pkg.apis.meta.v1.Time",
            "description": "DeletionTimestamp is RFC 3339 date and time at which this resource will be deleted. This field is set by the server when a graceful deletion is requested by the user, and is not directly settable by a client. The resource is expected to be deleted (no longer visible from resource lists, and not reachable by name) after the time in this field, once the finalizers list is empty. As long as the finalizers list contains items, deletion is blocked. Once the deletionTimestamp is set, this value may not be unset or be set further into the future, although it may be shortened or the resource may be deleted prior to this time. For example, a user may request that a pod is deleted in 30 seconds. The Kubelet will react by sending a graceful termination signal to the containers in the pod. After that 30 seconds, the Kubelet will send a hard termination signal (SIGKILL) to the container and after cleanup, remove the pod from the API. In the presence of network partitions, this object may still exist after this timestamp, until an administrator or automated process can determine the resource is fully terminated. If not set, graceful deletion of the object has not been requested.\n\nPopulated by the system when a graceful deletion is requested. Read-only. More info: https://git.k8s.io/community/contributors/devel/sig-architecture/api-conventions.md#metadata"
          },
          "finalizers": {
            "description": "Must be empty before the object is deleted from the registry. Each entry is an identifier for the responsible component that will remove the entry from the list. If the deletionTimestamp of the object is non-nil, entries in this list can only be removed. Finalizers may be processed and removed in any order.  Order is NOT enforced because it introduces significant risk of stuck finalizers. finalizers is a shared field, any actor with permission can reorder it. If the finalizer list is processed in order, then this can lead to a situation in which the component responsible for the first finalizer in the list is waiting for a signal (field value, external system, or other) produced by a component responsible for a finalizer later in the list, resulting in a deadlock. Without enforced ordering finalizers are free to order amongst themselves and are not vulnerable to ordering changes in the list.",
            "items": {
              "default": "",
              "type": "string"
            },
            "type": "array",
            "x-kubernetes-patch-strategy": "merge"
          },
          "generateName": {
            "description": "GenerateName is an optional prefix, used by the server, to generate a unique name ONLY IF the Name field has not been provided. If this field is used, the name returned to the client will be different than the name passed. This value will also be combined with a unique suffix. The provided value has the same validation rules as the Name field, and may be truncated by the length of the suffix required to make the value unique on the server.\n\nIf this field is specified and the generated name exists, the server will NOT return a 409 - instead, it will either return 201 Created or 500 with Reason ServerTimeout indicating a unique name could not be found in the time allotted, and the client should retry (optionally after the time indicated in the Retry-After header).\n\nApplied only if Name is not specified. More info: https://git.k8s.io/community/contributors/devel/sig-architecture/api-conventions.md#idempotency",
            "type": "string"
          },
          "generation": {
            "description": "A sequence number representing a specific generation of the desired state. Populated by the system. Read-only.",
            "format": "int64",
            "type": "integer"
          },
          "labels": {
            "additionalProperties": {
              "default": "",
              "type": "string"
            },
            "description": "Map of string keys and values that can be used to organize and categorize (scope and select) objects. May match selectors of replication controllers and services. More info: http://kubernetes.io/docs/user-guide/labels",
            "type": "object"
          },
          "managedFields": {
            "description": "ManagedFields maps workflow-id and version to the set of fields that are managed by that workflow. This is mostly for internal housekeeping, and users typically shouldn't need to set or understand this field. A workflow can be the user's name, a controller's name, or the name of a specific apply path like \"ci-cd\". The set of fields is always in the version that the workflow used when modifying the object.",
            "items": {
              "$ref": "#/components/schemas/io.k8s.apimachinery.pkg.apis.meta.v1.ManagedFieldsEntry",
              "default": {}
            },
            "type": "array"
          },
          "name": {
            "description": "Name must be unique within a namespace. Is required when creating resources, although some resources may allow a client to request the generation of an appropriate name automatically. Name is primarily intended for creation idempotence and configuration definition. Cannot be updated. More info: http://kubernetes.io/docs/user-guide/identifiers#names",
            "type": "string"
          },
          "namespace": {
            "description": "Namespace defines the space within which each name must be unique. An empty namespace is equivalent to the \"default\" namespace, but \"default\" is the canonical representation. Not all objects are required to be scoped to a namespace - the value of this field for those objects will be empty.\n\nMust be a DNS_LABEL. Cannot be updated. More info: http://kubernetes.io/docs/user-guide/namespaces",
            "type": "string"
          },
          "ownerReferences": {
            "description": "List of objects depended by this object. If ALL objects in the list have been deleted, this object will be garbage collected. If this object is managed by a controller, then an entry in this list will point to this controller, with the controller field set to true. There cannot be more than one managing controller.",
            "items": {
              "$ref": "#/components/schemas/io.k8s.apimachinery.pkg.apis.meta.v1.OwnerReference",
              "default": {}
            },
            "type": "array",
            "x-kubernetes-patch-merge-key": "uid",
            "x-kubernetes-patch-strategy": "merge"
          },
          "resourceVersion": {
            "description": "An opaque value that represents the internal version of this object that can be used by clients to determine when objects have changed. May be used for optimistic concurrency, change detection, and the watch operation on a resource or set of resources. Clients must treat these values as opaque and passed unmodified back to the server. They may only be valid for a particular resource or set of resources.\n\nPopulated by the system. Read-only. Value must be treated as opaque by clients and . More info: https://git.k8s.io/community/contributors/devel/sig-architecture/api-conventions.md#concurrency-control-and-consistency",
            "type": "string"
          },
          "selfLink": {
            "description": "SelfLink is a URL representing this object. Populated by the system. Read-only.\n\nDEPRECATED Kubernetes will stop propagating this field in 1.20 release and the field is planned to be removed in 1.21 release.",
            "type": "string"
          },
          "uid": {
            "description": "UID is the unique in time and space value for this object. It is typically generated by the server on successful creation of a resource and is not allowed to change on PUT operations.\n\nPopulated by the system. Read-only. More info: http://kubernetes.io/docs/user-guide/identifiers#uids",
            "type": "string"
          }
        },
        "type": "object"
      },
      "io.k8s.apimachinery.pkg.apis.meta.v1.OwnerReference": {
        "description": "OwnerReference contains enough information to let you identify an owning object. An owning object must be in the same namespace as the dependent, or be cluster-scoped, so there is no namespace field.",
        "properties": {
          "apiVersion": {
            "default": "",
            "description": "API version of the referent.",
            "type": "string"
          },
          "blockOwnerDeletion": {
            "description": "If true, AND if the owner has the \"foregroundDeletion\" finalizer, then the owner cannot be deleted from the key-value store until this reference is removed. Defaults to false. To set this field, a user needs \"delete\" permission of the owner, otherwise 422 (Unprocessable Entity) will be returned.",
            "type": "boolean"
          },
          "controller": {
            "description": "If true, this reference points to the managing controller.",
            "type": "boolean"
          },
          "kind": {
            "default": "",
            "description": "Kind of the referent. More info: https://git.k8s.io/community/contributors/devel/sig-architecture/api-conventions.md#types-kinds",
            "type": "string"
          },
          "name": {
            "default": "",
            "description": "Name of the referent. More info: http://kubernetes.io/docs/user-guide/identifiers#names",
            "type": "string"
          },
          "uid": {
            "default": "",
            "description": "UID of the referent. More info: http://kubernetes.io/docs/user-guide/identifiers#uids",
            "type": "string"
          }
        },
        "required": [
          "apiVersion",
          "kind",
          "name",
          "uid"
        ],
        "type": "object",
        "x-kubernetes-map-type": "atomic"
      },
      "io.k8s.apimachinery.pkg.apis.meta.v1.Time": {
        "description": "Time is a wrapper around time.Time which supports correct marshaling to YAML and JSON.  Wrappers are provided for many of the factory methods that the time package offers.",
        "format": "date-time",
        "type": "string"
      }
    }
  },
  "info": {
    "title": "Kubernetes",
    "version": "unversioned"
  },
  "openapi": "3.0.0",
  "paths": {
    "/apis/authorization.k8s.io/v1/": {
      "get": {
        "description": "get available resources",
        "operationId": "getAuthorizationV1APIResources",
        "responses": {
          "200": {
            "content": {
              "application/json": {
                "schema": {
                  "$ref": "#/components/schemas/io.k8s.apimachinery.pkg.apis.meta.v1.APIResourceList"
                }
              },
              "application/vnd.kubernetes.protobuf": {
                "schema": {
                  "$ref": "#/components/schemas/io.k8s.apimachinery.pkg.apis.meta.v1.APIResourceList"
                }
              },
              "application/yaml": {
                "schema": {
                  "$ref": "#/components/schemas/io.k8s.apimachinery.pkg.apis.meta.v1.APIResourceList"
                }
              }
            },
            "description": "OK"
          }
        },
        "tags": [
          "authorization_v1"
        ]
      }
    },
    "/apis/authorization.k8s.io/v1/namespaces/{namespace}/localsubjectaccessreviews": {
      "parameters": [
        {
          "description": "When present, indicates that modifications should not be persisted. An invalid or unrecognized dryRun directive will result in an error response and no further processing of the request. Valid values are: - All: all dry run stages will be processed",
          "in": "query",
          "name": "dryRun",
          "schema": {
            "type": "string",
            "uniqueItems": true
          }
        },
        {
          "description": "fieldManager is a name associated with the actor or entity that is making these changes. The value must be less than or 128 characters long, and only contain printable characters, as defined by https://golang.org/pkg/unicode/#IsPrint.",
          "in": "query",
          "name": "fieldManager",
          "schema": {
            "type": "string",
            "uniqueItems": true
          }
        },
        {
          "description": "fieldValidation determines how the server should respond to unknown/duplicate fields in the object in the request. Introduced as alpha in 1.23, older servers or servers with the `ServerSideFieldValidation` feature disabled will discard valid values specified in  this param and not perform any server side field validation. Valid values are: - Ignore: ignores unknown/duplicate fields. - Warn: responds with a warning for each unknown/duplicate field, but successfully serves the request. - Strict: fails the request on unknown/duplicate fields.",
          "in": "query",
          "name": "fieldValidation",
          "schema": {
            "type": "string",
            "uniqueItems": true
          }
        },
        {
          "description": "object name and auth scope, such as for teams and projects",
          "in": "path",
          "name": "namespace",
          "required": true,
          "schema": {
            "type": "string",
            "uniqueItems": true
          }
        },
        {
          "description": "If 'true', then the output is pretty printed.",
          "in": "query",
          "name": "pretty",
          "schema": {
            "type": "string",
            "uniqueItems": true
          }
        }
      ],
      "post": {
        "description": "create a LocalSubjectAccessReview",
        "operationId": "createAuthorizationV1NamespacedLocalSubjectAccessReview",
        "requestBody": {
          "content": {
            "application/json": {
              "schema": {
                "$ref": "#/components/schemas/io.k8s.api.authorization.v1.LocalSubjectAccessReview"
              }
            }
          }
        },
        "responses": {
          "200": {
            "content": {
              "application/json": {
                "schema": {
                  "$ref": "#/components/schemas/io.k8s.api.authorization.v1.LocalSubjectAccessReview"
                }
              },
              "application/vnd.kubernetes.protobuf": {
                "schema": {
                  "$ref": "#/components/schemas/io.k8s.api.authorization.v1.LocalSubjectAccessReview"
                }
              },
              "application/yaml": {
                "schema": {
                  "$ref": "#/components/schemas/io.k8s.api.authorization.v1.LocalSubjectAccessReview"
                }
              }
            },
            "description": "OK"
          },
          "201": {
            "content": {
              "application/json": {
                "schema": {
                  "$ref": "#/components/schemas/io.k8s.api.authorization.v1.LocalSubjectAccessReview"
                }
              },
              "application/vnd.kubernetes.protobuf": {
                "schema": {
                  "$ref": "#/components/schemas/io.k8s.api.authorization.v1.LocalSubjectAccessReview"
                }
              },
              "application/yaml": {
                "schema": {
                  "$ref": "#/components/schemas/io.k8s.api.authorization.v1.LocalSubjectAccessReview"
                }
              }
            },
            "description": "Created"
          },
          "202": {
            "content": {
              "application/json": {
                "schema": {
                  "$ref": "#/components/schemas/io.k8s.api.authorization.v1.LocalSubjectAccessReview"
                }
              },
              "application/vnd.kubernetes.protobuf": {
                "schema": {
                  "$ref": "#/components/schemas/io.k8s.api.authorization.v1.LocalSubjectAccessReview"
                }
              },
              "application/yaml": {
                "schema": {
                  "$ref": "#/components/schemas/io.k8s.api.authorization.v1.LocalSubjectAccessReview"
                }
              }
            },
            "description": "Accepted"
          }
        },
        "tags": [
          "authorization_v1"
        ]
      }
    },
    "/apis/authorization.k8s.io/v1/selfsubjectaccessreviews": {
      "parameters": [
        {
          "description": "When present, indicates that modifications should not be persisted. An invalid or unrecognized dryRun directive will result in an error response and no further processing of the request. Valid values are: - All: all dry run stages will be processed",
          "in": "query",
          "name": "dryRun",
          "schema": {
            "type": "string",
            "uniqueItems": true
          }
        },
        {
          "description": "fieldManager is a name associated with the actor or entity that is making these changes. The value must be less than or 128 characters long, and only contain printable characters, as defined by https://golang.org/pkg/unicode/#IsPrint.",
          "in": "query",
          "name": "fieldManager",
          "schema": {
            "type": "string",
            "uniqueItems": true
          }
        },
        {
          "description": "fieldValidation determines how the server should respond to unknown/duplicate fields in the object in the request. Introduced as alpha in 1.23, older servers or servers with the `ServerSideFieldValidation` feature disabled will discard valid values specified in  this param and not perform any server side field validation. Valid values are: - Ignore: ignores unknown/duplicate fields. - Warn: responds with a warning for each unknown/duplicate field, but successfully serves the request. - Strict: fails the request on unknown/duplicate fields.",
          "in": "query",
          "name": "fieldValidation",
          "schema": {
            "type": "string",
            "uniqueItems": true
          }
        },
        {
          "description": "If 'true', then the output is pretty printed.",
          "in": "query",
          "name": "pretty",
          "schema": {
            "type": "string",
            "uniqueItems": true
          }
        }
      ],
      "post": {
        "description": "create a SelfSubjectAccessReview",
        "operationId": "createAuthorizationV1SelfSubjectAccessReview",
        "requestBody": {
          "content": {
            "application/json": {
              "schema": {
                "$ref": "#/components/schemas/io.k8s.api.authorization.v1.SelfSubjectAccessReview"
              }
            }
          }
        },
        "responses": {
          "200": {
            "content": {
              "application/json": {
                "schema": {
                  "$ref": "#/components/schemas/io.k8s.api.authorization.v1.SelfSubjectAccessReview"
                }
              },
              "application/vnd.kubernetes.protobuf": {
                "schema": {
                  "$ref": "#/components/schemas/io.k8s.api.authorization.v1.SelfSubjectAccessReview"
                }
              },
              "application/yaml": {
                "schema": {
                  "$ref": "#/components/schemas/io.k8s.api.authorization.v1.SelfSubjectAccessReview"
                }
              }
            },
            "description": "OK"
          },
          "201": {
            "content": {
              "application/json": {
                "schema": {
                  "$ref": "#/components/schemas/io.k8s.api.authorization.v1.SelfSubjectAccessReview"
                }
              },
              "application/vnd.kubernetes.protobuf": {
                "schema": {
                  "$ref": "#/components/schemas/io.k8s.api.authorization.v1.SelfSubjectAccessReview"
                }
              },
              "application/yaml": {
                "schema": {
                  "$ref": "#/components/schemas/io.k8s.api.authorization.v1.SelfSubjectAccessReview"
                }
              }
            },
            "description": "Created"
          },
          "202": {
            "content": {
              "application/json": {
                "schema": {
                  "$ref": "#/components/schemas/io.k8s.api.authorization.v1.SelfSubjectAccessReview"
                }
              },
              "application/vnd.kubernetes.protobuf": {
                "schema": {
                  "$ref": "#/components/schemas/io.k8s.api.authorization.v1.SelfSubjectAccessReview"
                }
              },
              "application/yaml": {
                "schema": {
                  "$ref": "#/components/schemas/io.k8s.api.authorization.v1.SelfSubjectAccessReview"
                }
              }
            },
            "description": "Accepted"
          }
        },
        "tags": [
          "authorization_v1"
        ]
      }
    },
    "/apis/authorization.k8s.io/v1/selfsubjectrulesreviews": {
      "parameters": [
        {
          "description": "When present, indicates that modifications should not be persisted. An invalid or unrecognized dryRun directive will result in an error response and no further processing of the request. Valid values are: - All: all dry run stages will be processed",
          "in": "query",
          "name": "dryRun",
          "schema": {
            "type": "string",
            "uniqueItems": true
          }
        },
        {
          "description": "fieldManager is a name associated with the actor or entity that is making these changes. The value must be less than or 128 characters long, and only contain printable characters, as defined by https://golang.org/pkg/unicode/#IsPrint.",
          "in": "query",
          "name": "fieldManager",
          "schema": {
            "type": "string",
            "uniqueItems": true
          }
        },
        {
          "description": "fieldValidation determines how the server should respond to unknown/duplicate fields in the object in the request. Introduced as alpha in 1.23, older servers or servers with the `ServerSideFieldValidation` feature disabled will discard valid values specified in  this param and not perform any server side field validation. Valid values are: - Ignore: ignores unknown/duplicate fields. - Warn: responds with a warning for each unknown/duplicate field, but successfully serves the request. - Strict: fails the request on unknown/duplicate fields.",
          "in": "query",
          "name": "fieldValidation",
          "schema": {
            "type": "string",
            "uniqueItems": true
          }
        },
        {
          "description": "If 'true', then the output is pretty printed.",
          "in": "query",
          "name": "pretty",
          "schema": {
            "type": "string",
            "uniqueItems": true
          }
        }
      ],
      "post": {
        "description": "create a SelfSubjectRulesReview",
        "operationId": "createAuthorizationV1SelfSubjectRulesReview",
        "requestBody": {
          "content": {
            "application/json": {
              "schema": {
                "$ref": "#/components/schemas/io.k8s.api.authorization.v1.SelfSubjectRulesReview"
              }
            }
          }
        },
        "responses": {
          "200": {
            "content": {
              "application/json": {
                "schema": {
                  "$ref": "#/components/schemas/io.k8s.api.authorization.v1.SelfSubjectRulesReview"
                }
              },
              "application/vnd.kubernetes.protobuf": {
                "schema": {
                  "$ref": "#/components/schemas/io.k8s.api.authorization.v1.SelfSubjectRulesReview"
                }
              },
              "application/yaml": {
                "schema": {
                  "$ref": "#/components/schemas/io.k8s.api.authorization.v1.SelfSubjectRulesReview"
                }
              }
            },
            "description": "OK"
          },
          "201": {
            "content": {
              "application/json": {
                "schema": {
                  "$ref": "#/components/schemas/io.k8s.api.authorization.v1.SelfSubjectRulesReview"
                }
              },
              "application/vnd.kubernetes.protobuf": {
                "schema": {
                  "$ref": "#/components/schemas/io.k8s.api.authorization.v1.SelfSubjectRulesReview"
                }
              },
              "application/yaml": {
                "schema": {
                  "$ref": "#/components/schemas/io.k8s.api.authorization.v1.SelfSubjectRulesReview"
                }
              }
            },
            "description": "Created"
          },
          "202": {
            "content": {
              "application/json": {
                "schema": {
                  "$ref": "#/components/schemas/io.k8s.api.authorization.v1.SelfSubjectRulesReview"
                }
              },
              "application/vnd.kubernetes.protobuf": {
                "schema": {
                  "$ref": "#/components/schemas/io.k8s.api.authorization.v1.SelfSubjectRulesReview"
                }
              },
              "application/yaml": {
                "schema": {
                  "$ref": "#/components/schemas/io.k8s.api.authorization.v1.SelfSubjectRulesReview"
                }
              }
            },
            "description": "Accepted"
          }
        },
        "tags": [
          "authorization_v1"
        ]
      }
    },
    "/apis/authorization.k8s.io/v1/subjectaccessreviews": {
      "parameters": [
        {
          "description": "When present, indicates that modifications should not be persisted. An invalid or unrecognized dryRun directive will result in an error response and no further processing of the request. Valid values are: - All: all dry run stages will be processed",
          "in": "query",
          "name": "dryRun",
          "schema": {
            "type": "string",
            "uniqueItems": true
          }
        },
        {
          "description": "fieldManager is a name associated with the actor or entity that is making these changes. The value must be less than or 128 characters long, and only contain printable characters, as defined by https://golang.org/pkg/unicode/#IsPrint.",
          "in": "query",
          "name": "fieldManager",
          "schema": {
            "type": "string",
            "uniqueItems": true
          }
        },
        {
          "description": "fieldValidation determines how the server should respond to unknown/duplicate fields in the object in the request. Introduced as alpha in 1.23, older servers or servers with the `ServerSideFieldValidation` feature disabled will discard valid values specified in  this param and not perform any server side field validation. Valid values are: - Ignore: ignores unknown/duplicate fields. - Warn: responds with a warning for each unknown/duplicate field, but successfully serves the request. - Strict: fails the request on unknown/duplicate fields.",
          "in": "query",
          "name": "fieldValidation",
          "schema": {
            "type": "string",
            "uniqueItems": true
          }
        },
        {
          "description": "If 'true', then the output is pretty printed.",
          "in": "query",
          "name": "pretty",
          "schema": {
            "type": "string",
            "uniqueItems": true
          }
        }
      ],
      "post": {
        "description": "create a SubjectAccessReview",
        "operationId": "createAuthorizationV1SubjectAccessReview",
        "requestBody": {
          "content": {
            "application/json": {
              "schema": {
                "$ref": "#/components/schemas/io.k8s.api.authorization.v1.SubjectAccessReview"
              }
            }
          }
        },
        "responses": {
          "200": {
            "content": {
              "application/json": {
                "schema": {
                  "$ref": "#/components/schemas/io.k8s.api.authorization.v1.SubjectAccessReview"
                }
              },
              "application/vnd.kubernetes.protobuf": {
                "schema": {
                  "$ref": "#/components/schemas/io.k8s.api.authorization.v1.SubjectAccessReview"
                }
              },
              "application/yaml": {
                "schema": {
                  "$ref": "#/components/schemas/io.k8s.api.authorization.v1.SubjectAccessReview"
                }
              }
            },
            "description": "OK"
          },
          "201": {
            "content": {
              "application/json": {
                "schema": {
                  "$ref": "#/components/schemas/io.k8s.api.authorization.v1.SubjectAccessReview"
                }
              },
              "application/vnd.kubernetes.protobuf": {
                "schema": {
                  "$ref": "#/components/schemas/io.k8s.api.authorization.v1.SubjectAccessReview"
                }
              },
              "application/yaml": {
                "schema": {
                  "$ref": "#/components/schemas/io.k8s.api.authorization.v1.SubjectAccessReview"
                }
              }
            },
            "description": "Created"
          },
          "202": {
            "content": {
              "application/json": {
                "schema": {
                  "$ref": "#/components/schemas/io.k8s.api.authorization.v1.SubjectAccessReview"
                }
              },
              "application/vnd.kubernetes.protobuf": {
                "schema": {
                  "$ref": "#/components/schemas/io.k8s.api.authorization.v1.SubjectAccessReview"
                }
              },
              "application/yaml": {
                "schema": {
                  "$ref": "#/components/schemas/io.k8s.api.authorization.v1.SubjectAccessReview"
                }
              }
            },
            "description": "Accepted"
          }
        },
        "tags": [
          "authorization_v1"
        ]
      }
    }
  }
}
