{
  "components": {},
  "info": {
    "title": "Kubernetes",
    "version": "unversioned"
  },
  "openapi": "3.0.0",
  "paths": {
    "/logs/": {
      "get": {
        "operationId": "logFileListHandler",
        "responses": {},
        "tags": [
          "logs"
        ]
      }
    },
    "/logs/{logpath}": {
      "get": {
        "operationId": "logFileHandler",
        "responses": {},
        "tags": [
          "logs"
        ]
      },
      "parameters": [
        {
          "description": "path to the log",
          "in": "path",
          "name": "logpath",
          "required": true,
          "schema": {
            "type": "string",
            "uniqueItems": true
          }
        }
      ]
    }
  }
}
